"Period","Year","Rate","Payment","Interest","Principal","Balance"
1,1,8.75,3891584.78,1954166.67,1937418.12,266062581.88
2,1,8.75,3891584.78,1940039.66,1951545.12,264111036.76
3,1,8.75,3891584.78,1925809.64,1965775.14,262145261.62
4,1,8.75,3891584.78,1911475.87,1980108.92,260165152.7
5,1,8.75,3891584.78,1897037.57,1994547.21,258170605.49
6,1,8.75,3891584.78,1882494,2009090.78,256161514.71
7,1,8.75,3891584.78,1867844.38,2023740.4,254137774.31
8,1,8.75,3891584.78,1853087.94,2038496.84,252099277.46
9,1,8.75,3891584.78,1838223.9,2053360.88,250045916.58
10,1,8.75,3891584.78,1823251.48,2068333.31,247977583.27
11,1,8.75,3891584.78,1808169.88,2083414.9,245894168.36
12,1,8.75,3891584.78,1792978.31,2098606.47,243795561.89
13,2,8.75,3891584.78,1777675.97,2113908.81,241681653.08
14,2,8.75,3891584.78,1762262.05,2129322.73,239552330.35
15,2,8.75,3891584.78,1746735.74,2144849.04,237407481.31
16,2,8.75,3891584.78,1731096.22,2160488.56,235246992.75
17,2,8.75,3891584.78,1715342.66,2176242.13,233070750.62
18,2,8.75,3891584.78,1699474.22,2192110.56,230878640.06
19,2,8.75,3891584.78,1683490.08,2208094.7,228670545.36
20,2,8.75,3891584.78,1667389.39,2224195.39,226446349.97
21,2,8.75,3891584.78,1651171.3,2240413.48,224205936.49
22,2,8.75,3891584.78,1634834.95,2256749.83,221949186.66
23,2,8.75,3891584.78,1618379.49,2273205.3,219675981.37
24,2,8.75,3891584.78,1601804.03,2289780.75,217386200.61
25,3,8.75,3891584.78,1585107.71,2306477.07,215079723.54
26,3,8.75,3891584.78,1568289.65,2323295.13,212756428.41
27,3,8.75,3891584.78,1551348.96,2340235.83,210416192.59
28,3,8.75,3891584.78,1534284.74,2357300.05,208058892.54
29,3,8.75,3891584.78,1517096.09,2374488.69,205684403.85
30,3,8.75,3891584.78,1499782.11,2391802.67,203292601.18
31,3,8.75,3891584.78,1482341.88,2409242.9,200883358.28
32,3,8.75,3891584.78,1464774.49,2426810.3,198456547.99
33,3,8.75,3891584.78,1447079,2444505.79,196012042.2
34,3,8.75,3891584.78,1429254.47,2462330.31,193549711.89
35,3,8.75,3891584.78,1411299.98,2480284.8,191069427.09
36,3,8.75,3891584.78,1393214.57,2498370.21,188571056.88
37,4,8.75,3891584.78,1374997.29,2516587.49,186054469.39
38,4,8.75,3891584.78,1356647.17,2534937.61,183519531.78
39,4,8.75,3891584.78,1338163.25,2553421.53,180966110.25
40,4,8.75,3891584.78,1319544.55,2572040.23,178394070.02
41,4,8.75,3891584.78,1300790.09,2590794.69,175803275.33
42,4,8.75,3891584.78,1281898.88,2609685.9,173193589.43
43,4,8.75,3891584.78,1262869.92,2628714.86,170564874.57
44,4,8.75,3891584.78,1243702.21,2647882.57,167916992
45,4,8.75,3891584.78,1224394.73,2667190.05,165249801.95
46,4,8.75,3891584.78,1204946.47,2686638.31,162563163.64
47,4,8.75,3891584.78,1185356.4,2706228.38,159856935.26
48,4,8.75,3891584.78,1165623.49,2725961.3,157130973.96
49,5,8.75,3891584.78,1145746.69,2745838.1,154385135.86
50,5,8.75,3891584.78,1125724.95,2765859.83,151619276.03
51,5,8.75,3891584.78,1105557.22,2786027.56,148833248.47
52,5,8.75,3891584.78,1085242.44,2806342.35,146026906.12
53,5,8.75,3891584.78,1064779.52,2826805.26,143200100.86
54,5,8.75,3891584.78,1044167.4,2847417.38,140352683.48
55,5,8.75,3891584.78,1023404.98,2868179.8,137484503.68
56,5,8.75,3891584.78,1002491.17,2889093.61,134595410.07
57,5,8.75,3891584.78,981424.87,2910159.92,131685250.16
58,5,8.75,3891584.78,960204.95,2931379.83,128753870.32
59,5,8.75,3891584.78,938830.3,2952754.48,125801115.84
60,5,8.75,3891584.78,917299.8,2974284.98,122826830.87
61,6,8.75,3891584.78,895612.31,2995972.47,119830858.39
62,6,8.75,3891584.78,873766.68,3017818.11,116813040.28
63,6,8.75,3891584.78,851761.75,3039823.03,113773217.25
64,6,8.75,3891584.78,829596.38,3061988.41,110711228.85
65,6,8.75,3891584.78,807269.38,3084315.41,107626913.44
66,6,8.75,3891584.78,784779.58,3106805.21,104520108.24
67,6,8.75,3891584.78,762125.79,3129458.99,101390649.24
68,6,8.75,3891584.78,739306.82,3152277.97,98238371.28
69,6,8.75,3891584.78,716321.46,3175263.33,95063107.95
70,6,8.75,3891584.78,693168.5,3198416.29,91864691.66
71,6,8.75,3891584.78,669846.71,3221738.07,88642953.59
72,6,8.75,3891584.78,646354.87,3245229.91,85397723.68
73,7,8.75,3891584.78,622691.74,3268893.05,82128830.63
74,7,8.75,3891584.78,598856.06,3292728.73,78836101.91
75,7,8.75,3891584.78,574846.58,3316738.21,75519363.7
76,7,8.75,3891584.78,550662.03,3340922.76,72178440.94
77,7,8.75,3891584.78,526301.13,3365283.65,68813157.29
78,7,8.75,3891584.78,501762.61,3389822.18,65423335.12
79,7,8.75,3891584.78,477045.15,3414539.63,62008795.49
80,7,8.75,3891584.78,452147.47,3439437.32,58569358.17
81,7,8.75,3891584.78,427068.24,3464516.55,55104841.62
82,7,8.75,3891584.78,401806.14,3489778.65,51615062.98
83,7,8.75,3891584.78,376359.83,3515224.95,48099838.03
84,7,8.75,3891584.78,350727.99,3540856.8,44558981.23
85,8,8.75,3891584.78,324909.24,3566675.54,40992305.69
86,8,8.75,3891584.78,298902.23,3592682.55,37399623.13
87,8,8.75,3891584.78,272705.59,3618879.2,33780743.94
88,8,8.75,3891584.78,246317.92,3645266.86,30135477.08
89,8,8.75,3891584.78,219737.85,3671846.93,26463630.15
90,8,8.75,3891584.78,192963.97,3698620.81,22765009.34
91,8,8.75,3891584.78,165994.86,3725589.92,19039419.41
92,8,8.75,3891584.78,138829.1,3752755.68,15286663.73
93,8,8.75,3891584.78,111465.26,3780119.53,11506544.21
94,8,8.75,3891584.78,83901.88,3807682.9,7698861.31
95,8,8.75,3891584.78,56137.53,3835447.25,3863414.06
96,8,8.75,3891584.78,28170.73,3863414.06,0
